{
   "CaptureBackgroundColor" : "#00000000",
   "CaptureBackgroundImage" : "{6D4A5AF7-9C46-4DBE-8810-AEA8271A763F}.png",
   "CaptureBackgroundLocation" : "0,0",
   "CaptureCanvasHeight" : 1352,
   "CaptureCanvasWidth" : 1899,
   "ExportedFromPlatform" : "win",
   "ImageExpansionFromObjects" : [ "0,0", "0,0" ],
   "SimplifySettings" : {
      "ActiveColorPaletteName" : "ImageColors",
      "LockAllObjects" : false,
      "Opacity" : 100,
      "ShowOriginal" : false,
      "SuiDetail" : 0
   },
   "SoftwareVersion" : "2023.2.0.30713",
   "StepToolSequenceLowercaseLetter" : 1,
   "StepToolSequenceNumeric" : 1,
   "StepToolSequenceUppercaseLetter" : 1,
   "Version" : "1.0",
   "ViewBoxExpansionFromObjects" : [ "0,0", "0,0" ]
}
